[{"model": "admin.logentry", "pk": 1, "fields": {"action_time": "2023-09-07T18:22:48.647Z", "user": 1, "content_type": 7, "object_id": "1", "object_repr": "127.0.0.1", "action_flag": 2, "change_message": "[{\"changed\": {\"fields\": [\"Domain name\"]}}]"}}, {"model": "admin.logentry", "pk": 2, "fields": {"action_time": "2023-09-07T18:42:27.945Z", "user": 1, "content_type": 17, "object_id": "1", "object_repr": "Google", "action_flag": 1, "change_message": "[{\"added\": {}}]"}}, {"model": "admin.logentry", "pk": 3, "fields": {"action_time": "2023-09-07T18:44:45.900Z", "user": 1, "content_type": 17, "object_id": "1", "object_repr": "Google", "action_flag": 2, "change_message": "[]"}}, {"model": "admin.logentry", "pk": 4, "fields": {"action_time": "2023-09-07T18:53:52.263Z", "user": 1, "content_type": 3, "object_id": "1", "object_repr": "basic", "action_flag": 1, "change_message": "[{\"added\": {}}]"}}, {"model": "admin.logentry", "pk": 5, "fields": {"action_time": "2023-09-07T18:54:40.667Z", "user": 1, "content_type": 3, "object_id": "2", "object_repr": "premium", "action_flag": 1, "change_message": "[{\"added\": {}}]"}}, {"model": "admin.logentry", "pk": 6, "fields": {"action_time": "2023-09-07T18:55:01.035Z", "user": 1, "content_type": 4, "object_id": "5", "object_repr": "arty", "action_flag": 2, "change_message": "[{\"changed\": {\"fields\": [\"Groups\"]}}]"}}, {"model": "admin.logentry", "pk": 7, "fields": {"action_time": "2023-09-07T18:55:11.433Z", "user": 1, "content_type": 4, "object_id": "3", "object_repr": "Dima", "action_flag": 2, "change_message": "[{\"changed\": {\"fields\": [\"Groups\"]}}]"}}, {"model": "admin.logentry", "pk": 8, "fields": {"action_time": "2023-09-07T19:05:56.741Z", "user": 1, "content_type": 4, "object_id": "6", "object_repr": "aprusov10", "action_flag": 3, "change_message": ""}}, {"model": "admin.logentry", "pk": 9, "fields": {"action_time": "2023-09-07T19:16:17.496Z", "user": 1, "content_type": 4, "object_id": "7", "object_repr": "aprusov10", "action_flag": 2, "change_message": "[]"}}, {"model": "admin.logentry", "pk": 10, "fields": {"action_time": "2023-09-07T19:16:35.931Z", "user": 1, "content_type": 4, "object_id": "7", "object_repr": "aprusov10", "action_flag": 3, "change_message": ""}}, {"model": "admin.logentry", "pk": 11, "fields": {"action_time": "2023-09-07T19:59:55.692Z", "user": 1, "content_type": 3, "object_id": "4", "object_repr": "authors", "action_flag": 1, "change_message": "[{\"added\": {}}]"}}, {"model": "admin.logentry", "pk": 12, "fields": {"action_time": "2023-09-07T20:05:37.989Z", "user": 1, "content_type": 3, "object_id": "5", "object_repr": "common", "action_flag": 1, "change_message": "[{\"added\": {}}]"}}, {"model": "admin.logentry", "pk": 13, "fields": {"action_time": "2023-09-07T20:12:28.814Z", "user": 1, "content_type": 4, "object_id": "5", "object_repr": "arty", "action_flag": 2, "change_message": "[{\"changed\": {\"fields\": [\"Groups\"]}}]"}}, {"model": "admin.logentry", "pk": 14, "fields": {"action_time": "2023-09-07T20:14:15.007Z", "user": 1, "content_type": 3, "object_id": "4", "object_repr": "authors", "action_flag": 2, "change_message": "[{\"changed\": {\"fields\": [\"Permissions\"]}}]"}}, {"model": "admin.logentry", "pk": 15, "fields": {"action_time": "2023-09-08T16:12:49.359Z", "user": 1, "content_type": 4, "object_id": "9", "object_repr": "itcoding76", "action_flag": 3, "change_message": ""}}, {"model": "admin.logentry", "pk": 16, "fields": {"action_time": "2023-09-08T16:12:49.368Z", "user": 1, "content_type": 4, "object_id": "10", "object_repr": "itcoding76@gmail.com", "action_flag": 3, "change_message": ""}}, {"model": "admin.logentry", "pk": 17, "fields": {"action_time": "2023-09-08T16:19:34.904Z", "user": 1, "content_type": 4, "object_id": "11", "object_repr": "itcoding76@gmail.com", "action_flag": 3, "change_message": ""}}, {"model": "admin.logentry", "pk": 18, "fields": {"action_time": "2023-09-08T17:02:07.894Z", "user": 1, "content_type": 4, "object_id": "2", "object_repr": "ArtPV", "action_flag": 2, "change_message": "[{\"changed\": {\"fields\": [\"Email address\", \"Groups\"]}}]"}}, {"model": "admin.logentry", "pk": 19, "fields": {"action_time": "2023-09-08T17:02:27.167Z", "user": 1, "content_type": 4, "object_id": "3", "object_repr": "Dima", "action_flag": 2, "change_message": "[{\"changed\": {\"fields\": [\"Email address\", \"Groups\"]}}]"}}, {"model": "admin.logentry", "pk": 20, "fields": {"action_time": "2023-09-08T17:02:43.089Z", "user": 1, "content_type": 4, "object_id": "4", "object_repr": "PassBy", "action_flag": 2, "change_message": "[{\"changed\": {\"fields\": [\"Email address\", \"Groups\"]}}]"}}, {"model": "admin.logentry", "pk": 21, "fields": {"action_time": "2023-09-08T17:03:08.752Z", "user": 1, "content_type": 4, "object_id": "1", "object_repr": "admin", "action_flag": 2, "change_message": "[{\"changed\": {\"fields\": [\"First name\", \"Email address\", \"Groups\"]}}]"}}, {"model": "auth.permission", "pk": 1, "fields": {"name": "Can add log entry", "content_type": 1, "codename": "add_logentry"}}, {"model": "auth.permission", "pk": 2, "fields": {"name": "Can change log entry", "content_type": 1, "codename": "change_logentry"}}, {"model": "auth.permission", "pk": 3, "fields": {"name": "Can delete log entry", "content_type": 1, "codename": "delete_logentry"}}, {"model": "auth.permission", "pk": 4, "fields": {"name": "Can view log entry", "content_type": 1, "codename": "view_logentry"}}, {"model": "auth.permission", "pk": 5, "fields": {"name": "Can add permission", "content_type": 2, "codename": "add_permission"}}, {"model": "auth.permission", "pk": 6, "fields": {"name": "Can change permission", "content_type": 2, "codename": "change_permission"}}, {"model": "auth.permission", "pk": 7, "fields": {"name": "Can delete permission", "content_type": 2, "codename": "delete_permission"}}, {"model": "auth.permission", "pk": 8, "fields": {"name": "Can view permission", "content_type": 2, "codename": "view_permission"}}, {"model": "auth.permission", "pk": 9, "fields": {"name": "Can add group", "content_type": 3, "codename": "add_group"}}, {"model": "auth.permission", "pk": 10, "fields": {"name": "Can change group", "content_type": 3, "codename": "change_group"}}, {"model": "auth.permission", "pk": 11, "fields": {"name": "Can delete group", "content_type": 3, "codename": "delete_group"}}, {"model": "auth.permission", "pk": 12, "fields": {"name": "Can view group", "content_type": 3, "codename": "view_group"}}, {"model": "auth.permission", "pk": 13, "fields": {"name": "Can add user", "content_type": 4, "codename": "add_user"}}, {"model": "auth.permission", "pk": 14, "fields": {"name": "Can change user", "content_type": 4, "codename": "change_user"}}, {"model": "auth.permission", "pk": 15, "fields": {"name": "Can delete user", "content_type": 4, "codename": "delete_user"}}, {"model": "auth.permission", "pk": 16, "fields": {"name": "Can view user", "content_type": 4, "codename": "view_user"}}, {"model": "auth.permission", "pk": 17, "fields": {"name": "Can add content type", "content_type": 5, "codename": "add_contenttype"}}, {"model": "auth.permission", "pk": 18, "fields": {"name": "Can change content type", "content_type": 5, "codename": "change_contenttype"}}, {"model": "auth.permission", "pk": 19, "fields": {"name": "Can delete content type", "content_type": 5, "codename": "delete_contenttype"}}, {"model": "auth.permission", "pk": 20, "fields": {"name": "Can view content type", "content_type": 5, "codename": "view_contenttype"}}, {"model": "auth.permission", "pk": 21, "fields": {"name": "Can add session", "content_type": 6, "codename": "add_session"}}, {"model": "auth.permission", "pk": 22, "fields": {"name": "Can change session", "content_type": 6, "codename": "change_session"}}, {"model": "auth.permission", "pk": 23, "fields": {"name": "Can delete session", "content_type": 6, "codename": "delete_session"}}, {"model": "auth.permission", "pk": 24, "fields": {"name": "Can view session", "content_type": 6, "codename": "view_session"}}, {"model": "auth.permission", "pk": 25, "fields": {"name": "Can add site", "content_type": 7, "codename": "add_site"}}, {"model": "auth.permission", "pk": 26, "fields": {"name": "Can change site", "content_type": 7, "codename": "change_site"}}, {"model": "auth.permission", "pk": 27, "fields": {"name": "Can delete site", "content_type": 7, "codename": "delete_site"}}, {"model": "auth.permission", "pk": 28, "fields": {"name": "Can view site", "content_type": 7, "codename": "view_site"}}, {"model": "auth.permission", "pk": 29, "fields": {"name": "Can add flat page", "content_type": 8, "codename": "add_flatpage"}}, {"model": "auth.permission", "pk": 30, "fields": {"name": "Can change flat page", "content_type": 8, "codename": "change_flatpage"}}, {"model": "auth.permission", "pk": 31, "fields": {"name": "Can delete flat page", "content_type": 8, "codename": "delete_flatpage"}}, {"model": "auth.permission", "pk": 32, "fields": {"name": "Can view flat page", "content_type": 8, "codename": "view_flatpage"}}, {"model": "auth.permission", "pk": 33, "fields": {"name": "Can add └тЄюЁ", "content_type": 9, "codename": "add_author"}}, {"model": "auth.permission", "pk": 34, "fields": {"name": "Can change └тЄюЁ", "content_type": 9, "codename": "change_author"}}, {"model": "auth.permission", "pk": 35, "fields": {"name": "Can delete └тЄюЁ", "content_type": 9, "codename": "delete_author"}}, {"model": "auth.permission", "pk": 36, "fields": {"name": "Can view └тЄюЁ", "content_type": 9, "codename": "view_author"}}, {"model": "auth.permission", "pk": 37, "fields": {"name": "Can add ═ршьхэютрэшх ърЄхуюЁшш", "content_type": 10, "codename": "add_category"}}, {"model": "auth.permission", "pk": 38, "fields": {"name": "Can change ═ршьхэютрэшх ърЄхуюЁшш", "content_type": 10, "codename": "change_category"}}, {"model": "auth.permission", "pk": 39, "fields": {"name": "Can delete ═ршьхэютрэшх ърЄхуюЁшш", "content_type": 10, "codename": "delete_category"}}, {"model": "auth.permission", "pk": 40, "fields": {"name": "Can view ═ршьхэютрэшх ърЄхуюЁшш", "content_type": 10, "codename": "view_category"}}, {"model": "auth.permission", "pk": 41, "fields": {"name": "Can add ═ютюёЄ№", "content_type": 11, "codename": "add_post"}}, {"model": "auth.permission", "pk": 42, "fields": {"name": "Can change ═ютюёЄ№", "content_type": 11, "codename": "change_post"}}, {"model": "auth.permission", "pk": 43, "fields": {"name": "Can delete ═ютюёЄ№", "content_type": 11, "codename": "delete_post"}}, {"model": "auth.permission", "pk": 44, "fields": {"name": "Can view ═ютюёЄ№", "content_type": 11, "codename": "view_post"}}, {"model": "auth.permission", "pk": 45, "fields": {"name": "Can add post category", "content_type": 12, "codename": "add_postcategory"}}, {"model": "auth.permission", "pk": 46, "fields": {"name": "Can change post category", "content_type": 12, "codename": "change_postcategory"}}, {"model": "auth.permission", "pk": 47, "fields": {"name": "Can delete post category", "content_type": 12, "codename": "delete_postcategory"}}, {"model": "auth.permission", "pk": 48, "fields": {"name": "Can view post category", "content_type": 12, "codename": "view_postcategory"}}, {"model": "auth.permission", "pk": 49, "fields": {"name": "Can add ╩юььхэЄрЁшщ", "content_type": 13, "codename": "add_comment"}}, {"model": "auth.permission", "pk": 50, "fields": {"name": "Can change ╩юььхэЄрЁшщ", "content_type": 13, "codename": "change_comment"}}, {"model": "auth.permission", "pk": 51, "fields": {"name": "Can delete ╩юььхэЄрЁшщ", "content_type": 13, "codename": "delete_comment"}}, {"model": "auth.permission", "pk": 52, "fields": {"name": "Can view ╩юььхэЄрЁшщ", "content_type": 13, "codename": "view_comment"}}, {"model": "auth.permission", "pk": 53, "fields": {"name": "Can add email address", "content_type": 14, "codename": "add_emailaddress"}}, {"model": "auth.permission", "pk": 54, "fields": {"name": "Can change email address", "content_type": 14, "codename": "change_emailaddress"}}, {"model": "auth.permission", "pk": 55, "fields": {"name": "Can delete email address", "content_type": 14, "codename": "delete_emailaddress"}}, {"model": "auth.permission", "pk": 56, "fields": {"name": "Can view email address", "content_type": 14, "codename": "view_emailaddress"}}, {"model": "auth.permission", "pk": 57, "fields": {"name": "Can add email confirmation", "content_type": 15, "codename": "add_emailconfirmation"}}, {"model": "auth.permission", "pk": 58, "fields": {"name": "Can change email confirmation", "content_type": 15, "codename": "change_emailconfirmation"}}, {"model": "auth.permission", "pk": 59, "fields": {"name": "Can delete email confirmation", "content_type": 15, "codename": "delete_emailconfirmation"}}, {"model": "auth.permission", "pk": 60, "fields": {"name": "Can view email confirmation", "content_type": 15, "codename": "view_emailconfirmation"}}, {"model": "auth.permission", "pk": 61, "fields": {"name": "Can add social account", "content_type": 16, "codename": "add_socialaccount"}}, {"model": "auth.permission", "pk": 62, "fields": {"name": "Can change social account", "content_type": 16, "codename": "change_socialaccount"}}, {"model": "auth.permission", "pk": 63, "fields": {"name": "Can delete social account", "content_type": 16, "codename": "delete_socialaccount"}}, {"model": "auth.permission", "pk": 64, "fields": {"name": "Can view social account", "content_type": 16, "codename": "view_socialaccount"}}, {"model": "auth.permission", "pk": 65, "fields": {"name": "Can add social application", "content_type": 17, "codename": "add_socialapp"}}, {"model": "auth.permission", "pk": 66, "fields": {"name": "Can change social application", "content_type": 17, "codename": "change_socialapp"}}, {"model": "auth.permission", "pk": 67, "fields": {"name": "Can delete social application", "content_type": 17, "codename": "delete_socialapp"}}, {"model": "auth.permission", "pk": 68, "fields": {"name": "Can view social application", "content_type": 17, "codename": "view_socialapp"}}, {"model": "auth.permission", "pk": 69, "fields": {"name": "Can add social application token", "content_type": 18, "codename": "add_socialtoken"}}, {"model": "auth.permission", "pk": 70, "fields": {"name": "Can change social application token", "content_type": 18, "codename": "change_socialtoken"}}, {"model": "auth.permission", "pk": 71, "fields": {"name": "Can delete social application token", "content_type": 18, "codename": "delete_socialtoken"}}, {"model": "auth.permission", "pk": 72, "fields": {"name": "Can view social application token", "content_type": 18, "codename": "view_socialtoken"}}, {"model": "auth.permission", "pk": 73, "fields": {"name": "Can add django job", "content_type": 19, "codename": "add_djangojob"}}, {"model": "auth.permission", "pk": 74, "fields": {"name": "Can change django job", "content_type": 19, "codename": "change_djangojob"}}, {"model": "auth.permission", "pk": 75, "fields": {"name": "Can delete django job", "content_type": 19, "codename": "delete_djangojob"}}, {"model": "auth.permission", "pk": 76, "fields": {"name": "Can view django job", "content_type": 19, "codename": "view_djangojob"}}, {"model": "auth.permission", "pk": 77, "fields": {"name": "Can add django job execution", "content_type": 20, "codename": "add_djangojobexecution"}}, {"model": "auth.permission", "pk": 78, "fields": {"name": "Can change django job execution", "content_type": 20, "codename": "change_djangojobexecution"}}, {"model": "auth.permission", "pk": 79, "fields": {"name": "Can delete django job execution", "content_type": 20, "codename": "delete_djangojobexecution"}}, {"model": "auth.permission", "pk": 80, "fields": {"name": "Can view django job execution", "content_type": 20, "codename": "view_djangojobexecution"}}, {"model": "auth.group", "pk": 1, "fields": {"name": "basic", "permissions": []}}, {"model": "auth.group", "pk": 2, "fields": {"name": "premium", "permissions": []}}, {"model": "auth.group", "pk": 3, "fields": {"name": "new_basic", "permissions": []}}, {"model": "auth.group", "pk": 4, "fields": {"name": "authors", "permissions": [41, 42, 43, 44]}}, {"model": "auth.group", "pk": 5, "fields": {"name": "common", "permissions": []}}, {"model": "auth.user", "pk": 1, "fields": {"password": "pbkdf2_sha256$600000$YK1RyRo4OEUUrXPBUKL3TH$Oe6jp4iDtXabVipAbF5qjloyl+HR93rts4sqfxPGo5U=", "last_login": "2023-09-09T04:14:45.472Z", "is_superuser": true, "username": "admin", "first_name": "admin", "last_name": "", "email": "admin@local.host", "is_staff": true, "is_active": true, "date_joined": "2023-09-07T05:18:27Z", "groups": [4, 5], "user_permissions": []}}, {"model": "auth.user", "pk": 2, "fields": {"password": "", "last_login": null, "is_superuser": false, "username": "ArtPV", "first_name": "Artyom", "last_name": "", "email": "artyom@local.host", "is_staff": false, "is_active": true, "date_joined": "2023-09-07T05:21:51Z", "groups": [5], "user_permissions": []}}, {"model": "auth.user", "pk": 3, "fields": {"password": "", "last_login": null, "is_superuser": false, "username": "Dima", "first_name": "Dima", "last_name": "", "email": "dima@local.host", "is_staff": false, "is_active": true, "date_joined": "2023-09-07T05:21:58Z", "groups": [1, 5], "user_permissions": []}}, {"model": "auth.user", "pk": 4, "fields": {"password": "", "last_login": null, "is_superuser": false, "username": "PassBy", "first_name": "Walker", "last_name": "", "email": "walker@local.host", "is_staff": false, "is_active": true, "date_joined": "2023-09-07T05:22:06Z", "groups": [5], "user_permissions": []}}, {"model": "auth.user", "pk": 5, "fields": {"password": "pbkdf2_sha256$600000$8x0B1GBVL2lKpcN5hvuJrE$G6hlnvOJsv3b032vvS2F0qO5uiA/OAghUrsf54L0TqM=", "last_login": "2023-09-07T20:12:59.567Z", "is_superuser": false, "username": "arty", "first_name": "", "last_name": "", "email": "artpv@mail.ru", "is_staff": false, "is_active": true, "date_joined": "2023-09-07T07:57:50Z", "groups": [4], "user_permissions": []}}, {"model": "auth.user", "pk": 8, "fields": {"password": "pbkdf2_sha256$600000$cJBewuwW5OsUoGWtkd7naY$+6zMrwGZDhb6xVLgUZlZEHYD7SJsKapEviY4ejjigAI=", "last_login": "2023-09-07T19:17:06.185Z", "is_superuser": false, "username": "aprusov10", "first_name": "", "last_name": "", "email": "aprusov10@gmail.com", "is_staff": false, "is_active": true, "date_joined": "2023-09-07T19:17:05.847Z", "groups": [3], "user_permissions": []}}, {"model": "auth.user", "pk": 12, "fields": {"password": "pbkdf2_sha256$600000$HprEQV7pzpI3Whe7vOf049$k/9+Ei62z/f7Bb95lX7AQsPm2rif+nnlUtUuaXI4n6A=", "last_login": "2023-09-09T16:19:50.095Z", "is_superuser": false, "username": "itcoding76@gmail.com", "first_name": "", "last_name": "", "email": "itcoding76@gmail.com", "is_staff": false, "is_active": true, "date_joined": "2023-09-08T16:19:56.671Z", "groups": [4, 5], "user_permissions": []}}, {"model": "contenttypes.contenttype", "pk": 1, "fields": {"app_label": "admin", "model": "logentry"}}, {"model": "contenttypes.contenttype", "pk": 2, "fields": {"app_label": "auth", "model": "permission"}}, {"model": "contenttypes.contenttype", "pk": 3, "fields": {"app_label": "auth", "model": "group"}}, {"model": "contenttypes.contenttype", "pk": 4, "fields": {"app_label": "auth", "model": "user"}}, {"model": "contenttypes.contenttype", "pk": 5, "fields": {"app_label": "contenttypes", "model": "contenttype"}}, {"model": "contenttypes.contenttype", "pk": 6, "fields": {"app_label": "sessions", "model": "session"}}, {"model": "contenttypes.contenttype", "pk": 7, "fields": {"app_label": "sites", "model": "site"}}, {"model": "contenttypes.contenttype", "pk": 8, "fields": {"app_label": "flatpages", "model": "flatpage"}}, {"model": "contenttypes.contenttype", "pk": 9, "fields": {"app_label": "newspaper", "model": "author"}}, {"model": "contenttypes.contenttype", "pk": 10, "fields": {"app_label": "newspaper", "model": "category"}}, {"model": "contenttypes.contenttype", "pk": 11, "fields": {"app_label": "newspaper", "model": "post"}}, {"model": "contenttypes.contenttype", "pk": 12, "fields": {"app_label": "newspaper", "model": "postcategory"}}, {"model": "contenttypes.contenttype", "pk": 13, "fields": {"app_label": "newspaper", "model": "comment"}}, {"model": "contenttypes.contenttype", "pk": 14, "fields": {"app_label": "account", "model": "emailaddress"}}, {"model": "contenttypes.contenttype", "pk": 15, "fields": {"app_label": "account", "model": "emailconfirmation"}}, {"model": "contenttypes.contenttype", "pk": 16, "fields": {"app_label": "socialaccount", "model": "socialaccount"}}, {"model": "contenttypes.contenttype", "pk": 17, "fields": {"app_label": "socialaccount", "model": "socialapp"}}, {"model": "contenttypes.contenttype", "pk": 18, "fields": {"app_label": "socialaccount", "model": "socialtoken"}}, {"model": "contenttypes.contenttype", "pk": 19, "fields": {"app_label": "django_apscheduler", "model": "djangojob"}}, {"model": "contenttypes.contenttype", "pk": 20, "fields": {"app_label": "django_apscheduler", "model": "djangojobexecution"}}, {"model": "sessions.session", "pk": "2grt9up15p0b5kd04bimgog6ddcmdi6w", "fields": {"session_data": ".eJxVjEEOwiAQRe_C2hAQhoJL956BDDOjVA1NSrsy3l2bdKHb_977L5VxXWpeu8x5ZHVSVh1-t4L0kLYBvmO7TZqmtsxj0Zuid9r1ZWJ5nnf376Bir9-6xEIonkx0hAHCkMRCNBaZozfgBayDkETEyQB8vBJJgQQxirfBFfX-AO-dOBE:1qeKV8:i34at7OLqf3vvWn9AEKOnFieWOZ0lcZdcYAXN0VVu7I", "expire_date": "2023-09-21T19:17:14.849Z"}}, {"model": "sessions.session", "pk": "5jsb1wt0idbecy8uxo9skwbl9u7afeev", "fields": {"session_data": ".eJxVjEEOwiAQRe_C2hAQhoJL956BDDOjVA1NSrsy3l2bdKHb_977L5VxXWpeu8x5ZHVSVh1-t4L0kLYBvmO7TZqmtsxj0Zuid9r1ZWJ5nnf376Bir9-6xEIonkx0hAHCkMRCNBaZozfgBayDkETEyQB8vBJJgQQxirfBFfX-AO-dOBE:1qeJe9:VKAurf61MPKMCHHGBco9Ta9DTL6EPvQgW9AuB-ijtxI", "expire_date": "2023-09-21T18:22:29.922Z"}}, {"model": "sessions.session", "pk": "anxi62pwvcbrbq36k42l29edfg4dil2v", "fields": {"session_data": ".eJxVjs0KwyAQhN_Fcwn-xWhu7YvIuhoiDaZEAy2l714TPLR7m5ndb-dNLOxltnsOm42ejIRxcvk1HeA9pCOBZTnsDhDXPZXu3Glx7q5VhVQiQolrurWrP9QMea6cfqIBtYDK8UxNWmnqpEAvJ5A95VSxKgY0ylH0iiM1YIRynHKtuOFYoa3CyW5Pg7dQyMiUkcwII2UnzVCnNsgh59rJhucjbi8y0s8XEfVRtw:1qefEm:8G-7RTxHhCmojvTkAusoTOuaGQfVk0S7vArs6bN7cz8", "expire_date": "2023-09-22T17:25:44.501Z"}}, {"model": "sessions.session", "pk": "nfarjnrgztp046vd3w1ocx3dh24c7qof", "fields": {"session_data": ".eJxVjk0OgyAQhe_CujED4gju2ouQYcBoarQRTNo0vXvRuGiX72e-eW_haMuD21Jc3RhEJ6QSl1_TE9_jvCc0TbtdEfOyzbk6OmecqmtRcc4jUx6X-XZe_aEGSkPhND1ENjUVTpDYGzTgdc1B96QbUICyiJYteuCAisGSrdErUAaVVVyg54SDfT6NwVEWnUSrVYu1hUoCaG1NmZBiSmWUi8_HuL5EB58vXgVR1Q:1qf0gY:VWvlUlGrdh6FY6rgzI9AO1HWQiHep4hY_bKul0AVvN4", "expire_date": "2023-09-23T16:19:50.102Z"}}, {"model": "account.emailaddress", "pk": 3, "fields": {"user": 8, "email": "aprusov10@gmail.com", "verified": false, "primary": true}}, {"model": "account.emailaddress", "pk": 7, "fields": {"user": 12, "email": "itcoding76@gmail.com", "verified": true, "primary": true}}, {"model": "socialaccount.socialapp", "pk": 1, "fields": {"provider": "google", "provider_id": "", "name": "Google", "client_id": "573540012284-c41gthm3js34cpnffdr9lh9tlom9mpk4.apps.googleusercontent.com", "secret": "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", "key": "", "settings": {}, "sites": [1]}}, {"model": "sites.site", "pk": 1, "fields": {"domain": "127.0.0.1", "name": "example.com"}}, {"model": "newspaper.author", "pk": 1, "fields": {"author_name": 2, "rating": 6}}, {"model": "newspaper.author", "pk": 2, "fields": {"author_name": 3, "rating": 7}}, {"model": "newspaper.post", "pk": 1, "fields": {"author": 2, "post_type": "PT", "data_post_creation": "2023-09-07T05:23:57.467Z", "title": "┬ё╕ ю ъыхщ-яхэх фы  ъырфъш урчюсхЄюэр", "text": "╥ю ўЄю   Ёрёёърцє ёхуюфэ  сєфхЄ яюыхчэю, яючэртрЄхы№эю ш шэЄхЁхёэю яЁхцфх тёхую фы  Єхї, ъЄю Єюы№ъю ёюсшЁрхЄё  ёЄЁюшЄ№ё  ш яырэшЁєхЄ яюёЄЁюшЄ№ т сышцрщ°хь сєфє∙хь ёюсёЄтхээ√щ фюь ётюшьш Ёєърьш яю шэЄхЁхёэ√ь эют√ь ш яЁртшы№э√ь Єхїэюыюуш ь. ╤хуюфэ  Ёхў№ яющф╕Є ю ёЄЁюшЄхы№ёЄтх ёЄхэ урЁрцр, р Єюўэхх ю ъырфъх урчюсхЄюэр эр ъыхщ-яхэє т Ўхыюь. ▌Єр Єхьр фюёЄрЄюўэю яЁюЄштюЁхўштр . ╩Єю-Єю єцх ъ ¤Єюьє яЁшт√ъ, ъръ   ш сЁшурфр ё ъюЄюЁющ   ЁрсюЄр■. ╬фэш ы■фш ръЄштэю шёяюы№чє■Є ¤Єє Єхїэюыюуш■, р фЁєушх эх тхЁ Є, сю Єё , фєьр■Є ўЄю ¤Єю тё╕ ЁрчтрышЄё  ш Є.ф.", "rating_post": 1}}, {"model": "newspaper.post", "pk": 3, "fields": {"author": 1, "post_type": "NW", "data_post_creation": "2023-09-07T05:25:28.863Z", "title": "┬ ыхёрї яюф ╧хЄхЁсєЁуюь эрўрыш чрцшурЄ№ё  ётхЄы ўъш", "text": "╥ршэёЄтхээ√х юуюэ№ъш, ъюЄюЁ√х ьюцэю чрьхЄшЄ№ т ыхёрї ╤рэъЄ-╧хЄхЁсєЁур ш ╦хэшэуЁрфёъющ юсырёЄш, шчыєўр■Є ёрьъш ётхЄы ўъют", "rating_post": -1}}, {"model": "newspaper.post", "pk": 4, "fields": {"author": 2, "post_type": "NW", "data_post_creation": "2023-09-07T05:32:45.407Z", "title": "1", "text": "2", "rating_post": 0}}, {"model": "newspaper.post", "pk": 5, "fields": {"author": 1, "post_type": "NW", "data_post_creation": "2023-09-07T05:33:27.329Z", "title": "┬ л╨юёъюёьюёх╗ Ёрёёърчрыш ю чряєёърї л╦єэ√-26╗ ш л╦єэ√-27╗", "text": "\"╚ёяюыэшЄхы№э√щ фшЁхъЄюЁ яю яхЁёяхъЄштэ√ь яЁюуЁрььрь ш эрєъх уюёъюЁяюЁрЎшш л╨юёъюёьюёр╗ └ыхъёрэфЁ ┴ыю°хэъю чр тшы, ўЄю яюёых ёЄрЁЄр л╦єэ√-25╗, эрчэрўхээюую эр 11 ртуєёЄр, т 2027 уюфє ёюёЄюшЄё  чряєёъ юЁсшЄры№эюую ъюёьшўхёъюую ряярЁрЄр л╦єэр-26╗, р яючцх ш л╦єэ√-27╗, Ц ёююс∙рхЄ т ёЁхфє, 9 ртуєёЄр, л╨юёёшщёър  урчхЄр╗.\r\n\r\n┬ шэЄхЁт№■ шчфрэш■ ┴ыю°хэъю ёърчры: л╧юёых л╦єэ√-25╗ яющфхЄ л╦єэр-26╗, хх чряєёъ эрьхўхэ эр 2027 уюф. ▌Єю юЁсшЄры№э√щ ряярЁрЄ фы  фшёЄрэЎшюээюую шёёыхфютрэш  ╦єэ√. ╬э цх сєфхЄ ЁхЄЁрэёы ЄюЁюь ёшуэрыр ёю ёыхфє■∙хщ л╦єэ√-27╗, сюыхх ёыюцэющ яюёрфюўэющ ёЄрэЎшш ё сєЁшы№эющ єёЄрэютъющ╗.\r\n\r\n═ряюьэшь, ўЄю Ёрэхх т л╨юёъюёьюёх╗ ёююс∙шыш, ўЄю 08 ртуєёЄр ЁръхЄр л╤ю■ч-2.1с╗ ёю ёЄрэЎшхщ л╦єэр-25╗ єёЄрэютыхэр эр ёЄрЁЄютюь ъюьяыхъёх ┬юёЄюўэюую. ╤ЄрЁЄ Ёюёёшщёъющ ьхцяырэхЄэющ ёЄрэЎшш л╦єэр-25╗ чряырэшЁютрэ эр 11 ртуєёЄр.\r\nhttps://newdaynews.ru/science/803288.html\"", "rating_post": 0}}, {"model": "newspaper.post", "pk": 6, "fields": {"author": 1, "post_type": "NW", "data_post_creation": "2023-09-07T05:38:06.796Z", "title": "BaldurТs Gate 3 юсю°ыр тёх ъЁєяэ√х шуЁ√ 2023 уюфр яю юЎхэърь эр Metacritic", "text": "╩ЁшЄшъш Єръцх яюёЄртшыш хщ т√ёюъшщ срыы Ч 96 шч 100, ўЄю Ёртэю юЎхэъх эютющ ўрёЄш The Legend of Zelda: Tears of the Kingdom. ╬фэръю є Zelda яюы№чютрЄхы№ёър  юЎхэър эшцх Ч тёхую 8,5 шч 10. BaldurТs Gate 3 Ч ¤Єю яЁюфюыцхэшх чэрьхэшЄющ ёхЁшш Ёюыхт√ї шуЁ, юёэютрээ√ї эр яЁртшырї эрёЄюы№эющ шуЁ√ Dungeons & Dragons. ╚уЁр т√°ыр эр ╧╩ т ртуєёЄх ш т ёхэЄ сЁх яю тшЄё  эр ъюэёюыш PlayStation 5. ┬ юс∙хь ёяшёъх яЁюхъЄют ё эршт√ё°хщ юЎхэъющ шуЁюъют BaldurТs Gate 3 чрэ ыр 24 ьхёЄю, юяхЁхфшт Єръшх їшЄ√, ъръ Resident Evil 2, The Witcher 3: Wild Hunt ш The Last of Us. ┼фшэёЄтхээр  шуЁр 2023 уюфр, ъюЄюЁр  шьххЄ сюыхх т√ёюъшщ ёЁхфэшщ срыы, ўхь BaldurТs Gate 3, ¤Єю Atelier Ryza 3 ё 9,4 срыырьш, эю ¤Єю эх └└└-яЁюхъЄ.\r\n<hr>", "rating_post": 0}}, {"model": "newspaper.post", "pk": 7, "fields": {"author": 1, "post_type": "NW", "data_post_creation": "2023-09-07T06:07:07.216Z", "title": "┬√цштхЄ ыш схёъюЁяєёэр  лъы ъёр╗?", "text": "╤ эрўрыр 2021 уюфр т ёшыє тёЄєяшы  чръюэ ┼тЁюёю■чр, т ъюЄюЁюь єърчрэю, ўЄю л╬фэюЁрчютюх шёяюы№чютрэшх сєфхЄ юуЁрэшўхэю, яЁхцфхтЁхьхээюх єёЄрЁхтрэшх яЁхфюЄтЁр∙хэю, р єэшўЄюцхэшх схч єЄшышчрЎшш эхяЁюфрээ√ї ЄютрЁют фышЄхы№эюую яюы№чютрэш  чряЁх∙хэю╗. ═ю схёъюЁяєёэє■ ьшъЁюёїхьє, яЁшъыххээє■ ъ яхўрЄэющ яырЄх ш чрышЄє■ эхЁрёЄтюЁшь√ь ъюьярєэфюь чрьхэшЄ№ эхтючьюцэю яю юяЁхфхыхэш■. ╤уюЁхыр ьшъЁюёїхьр Ц ьхэ хь тё■ яырЄє ёю тёхьш фюяюыэшЄхы№эю єёЄрэютыхээ√ьш эр эхх ъюьяюэхэЄрьш шыш т√сЁрё√трхь єёЄЁющёЄтю.", "rating_post": 0}}, {"model": "newspaper.post", "pk": 9, "fields": {"author": 1, "post_type": "NW", "data_post_creation": "2023-09-08T19:05:59.804Z", "title": "┴ЁрєчхЁ Google Chrome эр ╧╩ яюыєўшЄ эют√щ фшчрщэ эр ётюх 15-ыхЄшх", "text": "┬ сышцрщ°шх эхфхыш эрёЄюы№эр  тхЁёш  сЁрєчхЁр Chrome яЁхЄхЁяшЄ шчьхэхэш  т фшчрщэх, яхЁхїюф  эр ЇшЁьхээ√щ ёЄшы№ Material You, яЁхфёЄртыхээ√щ Google. ╬ёэютэ√х юсэютыхэш  ъюёэєЄё  чэрўъют, яЁшфр■∙шї шь ыєў°є■ ўшЄрхьюёЄ№, ш эют√ї ЎтхЄют√ї Ёх°хэшщ. ╩юуфр юъэю сЁрєчхЁр эх Ёрчт╕ЁэєЄю эр тхё№ ¤ъЁрэ, хую єуы√ сєфєЄ ёъЁєуыхэ√.\r\n─Ёєушх шчьхэхэш  ъюёэєЄё  рёяхъЄют схчюярёэюёЄш яЁюёьюЄЁр тхс-ёЄЁрэшЎ ўхЁхч Ёхцшь Safe Browsing. ┬ эрёЄю ∙хх тЁхь , яЁш яхЁхїюфх яюы№чютрЄхы  эр яюЄхэЎшры№эю юярёэ√щ ёрщЄ, Google яЁютхЁ хЄ хую рфЁхё ё ыюъры№э√ь ёяшёъюь, ъюЄюЁ√щ юсэюты хЄё  ърцф√х 30Ц60 ьшэєЄ. ┬яюёыхфёЄтшш ¤ЄюЄ ьхїрэшчь шчьхэшЄё  Ч рфЁхёр сєфєЄ яЁютхЁ Є№ё  т Ёхцшьх Ёхры№эюую тЁхьхэш ё шёяюы№чютрэшхь ёяшёър Google, ўЄю ючэрўрхЄ тючьюцэюёЄ№ сыюъшЁютрЄ№ фрцх Єх тЁхфюэюёэ√х ёрщЄ√, ъюЄюЁ√х с√ыш чряє∙хэ√ тёхую эхёъюы№ъю ьшэєЄ эрчрф. ╧ю ьэхэш■ Google, ¤Єю яют√ёшЄ ¤ЇЇхъЄштэюёЄ№ чр∙шЄ√ эр 25%.", "rating_post": 0}}, {"model": "newspaper.post", "pk": 12, "fields": {"author": 2, "post_type": "NW", "data_post_creation": "2023-09-08T19:11:52.224Z", "title": "The Geek: Chrome эрўры яхЁхфртрЄ№ шёЄюЁш■ яюёх∙хэшщ ЁхъырьюфрЄхы ь", "text": "╩юьярэш  Google эрўрыр тэхфЁ Є№ т ётющ сЁрєчхЁ Chrome эютє■ ЇєэъЎш■ л╧ют√°хээр  ъюэЇшфхэЎшры№эюёЄ№ Ёхъырь√╗.\r\nGoogle єЄтхЁцфрхЄ, ўЄю эютр  ЇєэъЎш  эх эрЁє°рхЄ ъюэЇшфхэЎшры№эюёЄ№ яюы№чютрЄхыхщ, Єръ ъръ яЁюЇшы№ яЁхфяюўЄхэшщ эх ёюфхЁцшЄ ышўэющ шэЇюЁьрЎшш ш эх ьюцхЄ с√Є№ шёяюы№чютрэ фы  шфхэЄшЇшърЎшш яюы№чютрЄхы .\r\nGoogle єЄтхЁцфрхЄ, ўЄю ры№ЄхЁэрЄштр юЄёыхцштрэш■ фюыцэр ёє∙хёЄтютрЄ№, юфэръю ъЁшЄшъш, тъы■ўр  Electronic Frontier Foundation, эрёЄрштр■Є эр сюыхх ¤ЇЇхъЄштэюь Ёх°хэшш, эх яЁхфяюырур■∙хь шэтрчштэюую юЄёыхцштрэш  яюы№чютрЄхыхщ.\r\n╧хёюўэшЎр ъюэЇшфхэЎшры№эюёЄш (Privacy Sandbox), Ёрэхх шчтхёЄэр  ъръ FLoC ш Topics API,  ты хЄё  юЄтхЄюь Google эр яЁшсышцр■∙шщё  ъюэхЎ шёяюы№чютрэш  ёЄюЁюээшї юЄёыхцштр■∙шї Їрщыют cookie т Chrome, эрьхўхээ√щ эр тЄюЁє■ яюыютшэє 2024 уюфр.", "rating_post": 0}}, {"model": "newspaper.post", "pk": 15, "fields": {"author": 2, "post_type": "NW", "data_post_creation": "2023-09-08T19:24:53.892Z", "title": "Chrome эрўры яхЁхфртрЄ№ шёЄюЁш■ яюёх∙хэшщ ЁхъырьюфрЄхы ь", "text": "╩юьярэш  Google эрўрыр тэхфЁ Є№ т ётющ сЁрєчхЁ Chrome эютє■ ЇєэъЎш■ л╧ют√°хээр  ъюэЇшфхэЎшры№эюёЄ№ Ёхъырь√╗.\r\nGoogle єЄтхЁцфрхЄ, ўЄю эютр  ЇєэъЎш  эх эрЁє°рхЄ ъюэЇшфхэЎшры№эюёЄ№ яюы№чютрЄхыхщ, Єръ ъръ яЁюЇшы№ яЁхфяюўЄхэшщ эх ёюфхЁцшЄ ышўэющ шэЇюЁьрЎшш ш эх ьюцхЄ с√Є№ шёяюы№чютрэ фы  шфхэЄшЇшърЎшш яюы№чютрЄхы .\r\nGoogle єЄтхЁцфрхЄ, ўЄю ры№ЄхЁэрЄштр юЄёыхцштрэш■ фюыцэр ёє∙хёЄтютрЄ№, юфэръю ъЁшЄшъш, тъы■ўр  Electronic Frontier Foundation, эрёЄрштр■Є эр сюыхх ¤ЇЇхъЄштэюь Ёх°хэшш, эх яЁхфяюырур■∙хь шэтрчштэюую юЄёыхцштрэш  яюы№чютрЄхыхщ.\r\n╧хёюўэшЎр ъюэЇшфхэЎшры№эюёЄш (Privacy Sandbox), Ёрэхх шчтхёЄэр  ъръ FLoC ш Topics API,  ты хЄё  юЄтхЄюь Google эр яЁшсышцр■∙шщё  ъюэхЎ шёяюы№чютрэш  ёЄюЁюээшї юЄёыхцштр■∙шї Їрщыют cookie т Chrome, эрьхўхээ√щ эр тЄюЁє■ яюыютшэє 2024 уюфр.", "rating_post": 0}}, {"model": "newspaper.post", "pk": 16, "fields": {"author": 2, "post_type": "NW", "data_post_creation": "2023-09-08T19:34:44.433Z", "title": "qwe", "text": "qweqreq", "rating_post": 0}}, {"model": "newspaper.post", "pk": 17, "fields": {"author": 2, "post_type": "NW", "data_post_creation": "2023-09-08T19:40:04.687Z", "title": "qwqe", "text": "qeretewgrs", "rating_post": 0}}, {"model": "newspaper.post", "pk": 18, "fields": {"author": 1, "post_type": "NW", "data_post_creation": "2023-09-08T20:14:47.680Z", "title": "sfsf", "text": "sgsggh", "rating_post": 0}}, {"model": "newspaper.post", "pk": 19, "fields": {"author": 1, "post_type": "NW", "data_post_creation": "2023-09-08T20:36:29.620Z", "title": "About us", "text": "dsgdgds", "rating_post": 0}}, {"model": "newspaper.post", "pk": 20, "fields": {"author": 1, "post_type": "NW", "data_post_creation": "2023-09-08T20:40:24.014Z", "title": "1+1", "text": "=2", "rating_post": 0}}, {"model": "newspaper.category", "pk": 1, "fields": {"name": "History", "subscribers": [1, 12]}}, {"model": "newspaper.category", "pk": 2, "fields": {"name": "Mathematics", "subscribers": [1]}}, {"model": "newspaper.category", "pk": 3, "fields": {"name": "IT", "subscribers": [1, 12]}}, {"model": "newspaper.category", "pk": 4, "fields": {"name": "Phisics", "subscribers": [1]}}, {"model": "newspaper.category", "pk": 5, "fields": {"name": "Nature", "subscribers": []}}, {"model": "newspaper.category", "pk": 6, "fields": {"name": "Building", "subscribers": []}}, {"model": "newspaper.category", "pk": 7, "fields": {"name": "Science", "subscribers": []}}, {"model": "newspaper.postcategory", "pk": 1, "fields": {"post": 1, "category": 6}}, {"model": "newspaper.postcategory", "pk": 2, "fields": {"post": 1, "category": 7}}, {"model": "newspaper.postcategory", "pk": 5, "fields": {"post": 3, "category": 7}}, {"model": "newspaper.postcategory", "pk": 6, "fields": {"post": 4, "category": 2}}, {"model": "newspaper.postcategory", "pk": 7, "fields": {"post": 5, "category": 7}}, {"model": "newspaper.postcategory", "pk": 8, "fields": {"post": 6, "category": 3}}, {"model": "newspaper.postcategory", "pk": 9, "fields": {"post": 7, "category": 3}}, {"model": "newspaper.postcategory", "pk": 11, "fields": {"post": 16, "category": 1}}, {"model": "newspaper.postcategory", "pk": 12, "fields": {"post": 15, "category": 1}}, {"model": "newspaper.comment", "pk": 1, "fields": {"comment": 1, "author_comment": 3, "rating_comment": 2, "text_comment": "comment1", "data_comment_creation": "2023-09-07T05:26:14.724Z"}}, {"model": "newspaper.comment", "pk": 3, "fields": {"comment": 3, "author_comment": 4, "rating_comment": -1, "text_comment": "comment1", "data_comment_creation": "2023-09-07T05:26:16.001Z"}}]
